{
  "LeftHand": {
    "x": -0.9977368,
    "y": 0.0422108062,
    "z": 0.0447518229,
    "w": -0.0271460265
  },
  "LeftThumbProximal": {
    "x": -0.672825754,
    "y": 0.257023722,
    "z": 0.305209965,
    "w": -0.622969747
  },
  "LeftThumbIntermediate": {
    "x": -0.672825754,
    "y": 0.257023722,
    "z": 0.305209965,
    "w": -0.622969747
  },
  "LeftThumbDistal": {
    "x": -0.672825754,
    "y": 0.257023722,
    "z": 0.305209965,
    "w": -0.622969747
  },
  "LeftIndexProximal": {
    "x": -0.9712543,
    "y": -0.05177797,
    "z": 0.0334862433,
    "w": 0.229919612
  },
  "LeftIndexIntermediate": {
    "x": -0.9712543,
    "y": -0.05177797,
    "z": 0.0334862433,
    "w": 0.229919612
  },
  "LeftIndexDistal": {
    "x": -0.9712543,
    "y": -0.05177797,
    "z": 0.0334862433,
    "w": 0.229919612
  },
  "LeftMiddleProximal": {
    "x": -0.998739958,
    "y": -0.0386848524,
    "z": 0.0212727357,
    "w": -0.0238651037
  },
  "LeftMiddleIntermediate": {
    "x": -0.998739958,
    "y": -0.0386848524,
    "z": 0.0212727357,
    "w": -0.0238651037
  },
  "LeftMiddleDistal": {
    "x": -0.998739958,
    "y": -0.0386848524,
    "z": 0.0212727357,
    "w": -0.0238651037
  },
  "LeftRingProximal": {
    "x": -0.9740625,
    "y": 0.00666534342,
    "z": 0.000268209464,
    "w": 0.2261809
  },
  "LeftRingIntermediate": {
    "x": -0.9740625,
    "y": 0.00666534342,
    "z": 0.000268209464,
    "w": 0.2261809
  },
  "LeftRingDistal": {
    "x": -0.9740625,
    "y": 0.00666534342,
    "z": 0.000268209464,
    "w": 0.2261809
  },
  "LeftLittleProximal": {
    "x": -0.9536246,
    "y": 0.010314256,
    "z": -0.0214895885,
    "w": 0.300053477
  },
  "LeftLittleIntermediate": {
    "x": -0.9536246,
    "y": 0.010314256,
    "z": -0.0214895885,
    "w": 0.300053477
  },
  "LeftLittleDistal": {
    "x": -0.9536246,
    "y": 0.010314256,
    "z": -0.0214895885,
    "w": 0.300053477
  },
  "RightHand": {
    "x": -0.0271462146,
    "y": 0.0447518639,
    "z": -0.0422108136,
    "w": 0.9977369
  },
  "RightThumbProximal": {
    "x": -0.6229709,
    "y": 0.3052096,
    "z": -0.257025927,
    "w": 0.6728241
  },
  "RightThumbIntermediate": {
    "x": -0.6229709,
    "y": 0.3052096,
    "z": -0.257025927,
    "w": 0.6728241
  },
  "RightThumbDistal": {
    "x": -0.6229709,
    "y": 0.3052096,
    "z": -0.257025927,
    "w": 0.6728241
  },
  "RightIndexProximal": {
    "x": 0.229920134,
    "y": 0.0334856063,
    "z": 0.0517821,
    "w": 0.971254
  },
  "RightIndexIntermediate": {
    "x": 0.229920134,
    "y": 0.0334856063,
    "z": 0.0517821,
    "w": 0.971254
  },
  "RightIndexDistal": {
    "x": 0.229920134,
    "y": 0.0334856063,
    "z": 0.0517821,
    "w": 0.971254
  },
  "RightMiddleProximal": {
    "x": -0.02386939,
    "y": 0.0212738048,
    "z": 0.0386882164,
    "w": 0.9987398
  },
  "RightMiddleIntermediate": {
    "x": -0.02386939,
    "y": 0.0212738048,
    "z": 0.0386882164,
    "w": 0.9987398
  },
  "RightMiddleDistal": {
    "x": -0.02386939,
    "y": 0.0212738048,
    "z": 0.0386882164,
    "w": 0.9987398
  },
  "RightRingProximal": {
    "x": 0.226177961,
    "y": 0.0002664873,
    "z": -0.006664388,
    "w": 0.974063337
  },
  "RightRingIntermediate": {
    "x": 0.226177961,
    "y": 0.0002664873,
    "z": -0.006664388,
    "w": 0.974063337
  },
  "RightRingDistal": {
    "x": 0.226177961,
    "y": 0.0002664873,
    "z": -0.006664388,
    "w": 0.974063337
  },
  "RightLittleProximal": {
    "x": 0.30005157,
    "y": -0.0214917939,
    "z": -0.010311137,
    "w": 0.953625262
  },
  "RightLittleIntermediate": {
    "x": 0.30005157,
    "y": -0.0214917939,
    "z": -0.010311137,
    "w": 0.953625262
  },
  "RightLittleDistal": {
    "x": 0.30005157,
    "y": -0.0214917939,
    "z": -0.010311137,
    "w": 0.953625262
  }
}
